<?xml version="1.0" encoding="UTF-8"?>
<beans xmlns="http://www.springframework.org/schema/beans"
       xmlns:xsi="http://www.w3.org/2001/XMLSchema-instance"
       xmlns:aop = "http://www.springframework.org/schema/aop"
       xsi:schemaLocation="http://www.springframework.org/schema/beans http://www.springframework.org/schema/beans/spring-beans.xsd
                           http://www.springframework.org/schema/aop http://www.springframework.org/schema/aop/spring-aop.xsd">


    <!--注册bean-->
<!--    <bean id="userService" class="com.kuang.service.UserServiceImpl"/> <bean id="log" class="com.kuang.log.Log"/>-->
<!--    <bean id="afterLog" class="com.kuang.log.AfterLog"/>-->
<!--    &lt;!&ndash;aop的配置&ndash;&gt;-->
<!--    <aop:config>-->
<!--    &lt;!&ndash;切入点 expression:表达式匹配要执行的方法&ndash;&gt;-->
<!--    <aop:pointcut id="pointcut" expression="execution(*-->
<!--    com.kuang.service.UserServiceImpl.*(..))"/>-->
<!--    &lt;!&ndash;执行环绕; advice-ref执行方法 . pointcut-ref切入点&ndash;&gt;-->
<!--    <aop:advisor advice-ref="log" pointcut-ref="pointcut"/>-->
<!--    <aop:advisor advice-ref="afterLog" pointcut-ref="pointcut"/>-->
<!--</aop:config>-->


    <bean id="diy" class="com.kuang.diy.DiyPointCut">
        <aop:config>
            <aop:aspect ref="diy">

            </aop:aspect>
        </aop:config>

    </bean>
</beans>